ID,Title,Description,Priority,Status,Notes
6,Admin users,"Administrators need to invite a separate user, control access, reset passwords and remove accounts when required.",High,Ready for database hardening,"Secure invite, role, suspend, reset and delete APIs are implemented. Run 20260722-user-management-hardening.sql and set NEXT_PUBLIC_SITE_URL=https://www.handlineco.com before production use."
8,Admin portal log in bug,"Any new browser does not bring me to the admin log-in page. If I log out of my session, I have no way to log back in. Trying to log in on a new browser briefly shows the admin dashboard before reverting to the normal website.",High,Fixed,"Signed-out visits to /admin now go to login with the intended destination retained. Admin content remains hidden until role verification completes, and logging out now goes directly to login."
9,NO access to website,"Multiple customers in the UK and Europe reported that their IT systems block the website because its category is unknown. A prospect in Spain supplied a Zscaler block-page screenshot.",Very High,External issue,"The live site and affected product URL return HTTP 200 with valid TLS. This is a Zscaler URL-categorisation issue, not a code or availability issue. Customer IT teams can allowlist handlineco.com and www.handlineco.com; submit the domain to Zscaler Site Review for categorisation."
10,Clothing sub-category not filtering,"The Clothing category has three sub-categories, but selecting one does not filter products accordingly. It works in the admin portal. JK10 is currently the only welding product but products appear in every sub-category.",Medium,Fixed,"Public Clothing sub-category pages now use the existing product-category mapping and display only products assigned to the relevant clothing type."
11,Clothing data input (SIZE),"Inputting a size for a new clothing product does not show on the published product. Example: Article JK10.",Medium,Fixed,"Published Clothing specifications now derive the display value from saved minimum and maximum clothing sizes, for example XS–XL, with the legacy text field retained as a fallback."
12,Clothing filter does not work,"Using the Work Environment filter in the Clothing section makes all products disappear. Other filters work correctly.",Medium,Fixed,"The filter now uses environment-pictogram data. Work Environment controls are available when creating and editing Clothing products; existing products need their applicable environments selected and saved."
13,Respiratory protection / standards,"EN 12941 is missing and needs a string display similar to EN 166. EN 397 is also reported as missing, with no text display required.",Medium,Fixed,"EN 12941 is supported in the admin, cards, preview, safety detail and filtering. KAIOS was backfilled and verified with EN 12941 TH3 and EN 143 P3. EN 397 was verified as already present on Thermo Boss."
14,Preview missing Clothing safety details,"Clothing safety features do not show in product-list previews on the homepage, although the category product-grid preview works correctly.",Medium,Fixed,"Homepage featured-product cards now display Clothing safety standards, including high-visibility, flame, welding, arc, antistatic, chemical, weather and UV standards."
15,Eye category filter,"The Coating filter does not use values from the database and only filters pre-loaded products. Other category filters work correctly.",Medium,Fixed,"The filter now reads localised coatings from the current admin form, with English and legacy-data fallbacks. Its options and matching logic use the same source as the published product specification."
16,Head category filter,"Brim Length is duplicated and does not take values in every language. EN 812 could not initially be selected, then began working after other filters were selected; the issue could not be reproduced.",Medium,Fixed,"Brim Length now uses the saved localised Head technical-specification value with legacy fallback, and normalises values to prevent duplicates. New Head products save technical specifications on creation. EN 812 uses the same selection logic as other Head standards; no repeatable fault was found."
17,Head protection Safety standard bug,"Thermo Boss crashes when Safety is opened in the admin portal and does not show the correct standards on the website. The same error was reported for MACSOLE and 1 x-craft S3 after saving and returning to Safety.",High,Fixed,"Safety editors now normalise incomplete or empty legacy locale data and safely handle legacy footwear standard values that are not arrays. Public pages recognise category-specific safety standards and retain legacy Head and Footwear data fallbacks."
18,Arm protection,"Length data does not pull through or show on the product page.",Medium,Fixed,"Arm Protection length is mirrored to the shared length field when an Arm product is created or saved. Public Arm pages and length filters retain the arm-specific value as a fallback for existing products."
19,Arm protection - LANGUAGE,"Product specifications and Arm Protection Attributes do not translate into Italian.",Medium-Low,Fixed,"Arm Protection labels, Yes/No values and closure types now use translations. Italian closure values display as Velcro, Elastico and Nessuno. Materials fall back to English when an Italian value is not yet supplied."
20,Footer,"Sectors does not include all sectors.",Medium-Low,Fixed,"The footer now loads and displays every industry in the database using the active language. New sectors added in admin appear automatically, with a link to the full Industries page."
