english,italian,french,german,spanish
Hi-Vis Jackets,Giacche alta visibilità,Vestes haute visibilité,Warnschutzjacken,Chaquetas de alta visibilidad
Hi-Vis Trousers,Pantaloni alta visibilità,Pantalons haute visibilité,Warnschutzhosen,Pantalones de alta visibilidad
Hi-Vis Waistcoats,Gilet alta visibilità,Gilets haute visibilité,Warnschutzwesten,Chalecos de alta visibilidad
Hi-Vis body warmers,Scaldacorpo alta visibilità,Bodywarmers haute visibilité,Warnschutz-Bodywarmer,Chalecos interiores de alta visibilidad
Hi-Vis Coveralls,Tute alta visibilità,Combinaisons haute visibilité,Warnschutzanzüge,Monos de alta visibilidad
Hi-Vis Fleeces and sweatshirts,Pile e felpe alta visibilità,Polaires et sweat-shirts haute visibilité,Warnschutz-Fleece und Sweatshirts,Forros polares y sudaderas de alta visibilidad
Hi-Vis Polo and T-shirts,Polo e magliette alta visibilità,Polos et t-shirts haute visibilité,Warnschutz-Polos und T-Shirts,Polos y camisetas de alta visibilidad
Hi-Vis accessories,Accessori alta visibilità,Accessoires haute visibilité,Warnschutz-Zubehör,Accesorios de alta visibilidad
Welding Aprons,Grembiuli per saldatura,Tabliers de soudage,Schweißerschürzen,Delantales de soldadura
Welding Jackets,Giacche per saldatura,Vestes de soudage,Schweißerjacken,Chaquetas de soldadura
Welding Coveralls,Tute per saldatura,Combinaisons de soudage,Schweißeranzüge,Monos de soldadura
Welding Trousers,Pantaloni per saldatura,Pantalons de soudage,Schweißerhosen,Pantalones de soldadura
Accessories,Accessori,Accessoires,Zubehör,Accesorios
Safety Jackets,Giacche di sicurezza,Vestes de sécurité,Sicherheitsjacken,Chaquetas de seguridad
Safety Trousers,Pantaloni di sicurezza,Pantalons de sécurité,Sicherheitshosen,Pantalones de seguridad
Other safety clothing,Altro abbigliamento di sicurezza,Autres vêtements de sécurité,Sonstige Schutzkleidung,Otra ropa de seguridad
Work Jackets,Giacche da lavoro,Vestes de travail,Arbeitsjacken,Chaquetas de trabajo
Work Trousers,Pantaloni da lavoro,Pantalons de travail,Arbeitshosen,Pantalones de trabajo
Work Suits,Tute da lavoro,Combinaisons de travail,Arbeitsanzüge,Trajes de trabajo
Work Aprons,Grembiuli da lavoro,Tabliers de travail,Arbeitsschürzen,Delantales de trabajo
Other workwear,Altri indumenti da lavoro,Autres vêtements de travail,Sonstige Arbeitskleidung,Otras prendas de trabajo
