"source_table","record_id","slug","locale_field","english","italian","french","german","spanish"
"blog_posts","43cdc19d-c40d-449a-bc65-6fe282a78d63","the-hidden-cost-of-hand-injuries","title_locales","The Hidden Cost of Hand Injuries — And How Gloves Prevent Them","Il costo nascosto degli infortuni alle mani — e come i guanti li prevengono","""""","""""",""""""
"blog_posts","43cdc19d-c40d-449a-bc65-6fe282a78d63","the-hidden-cost-of-hand-injuries","summary_locales","Hand injuries are the most common workplace non-fatal accident in EU and the UK. The right gloves can prevent up to 60% of injuries and boost safety, whilst cutting injury-related costs by billions.","Gli infortuni alle mani sono gli incidenti sul lavoro non letali più comuni in Europa. I corretti guanti possono prevenire fino al 60% degli infortuni, riducendo al contempo i costi legati agli incidenti di miliardi di euro.","""""","""""",""""""
"blog_posts","43cdc19d-c40d-449a-bc65-6fe282a78d63","the-hidden-cost-of-hand-injuries","content_locales","Our hands are our most valuable tools, but they’re also the most exposed part of the body in many workplaces. From construction sites to food processing plants, workers rely on their hands for precision, strength, and control. Unfortunately, this makes them especially vulnerable to injury — and the numbers across Europe tell a worrying story.  

## The Scale of Hand Injuries in Europe and the UK  

Workplace accident data consistently shows that **hand and arm injuries are the most common type of workplace injury**. Across Europe, they represent more than **40% of all non-fatal accidents**, making them the single largest category of workplace injuries. Each year, there are an estimated **306,000 hand injuries**, **688,000 finger injuries**, and nearly **150,000 wrist injuries**.  

The economic impact is also significant. Hand and wrist injuries cost UK businesses around **£1.3 billion annually**, factoring in lost productivity, compensation, and healthcare costs.  

## Common Types of Hand Injuries at Work  

Not all hand injuries are the same, but most fall into a few common categories:  

- **Cuts and lacerations** from glass, sheet metal, blades, or sharp tools.  
- **Punctures and abrasions** caused by wires, nails, or rough surfaces.  
- **Burns and chemical injuries**, which may cause permanent damage if the skin is exposed.  
- **Sprains, fractures, and crush injuries**, often linked to machinery or heavy loads.  

Even minor cuts can restrict dexterity and reduce productivity. More serious accidents can result in permanent loss of function or amputation — a life-changing outcome for the worker and their family.  

## The Role of Safety Gloves in Preventing Hand Injuries  

The good news is that most of these accidents are preventable. Wearing the correct **PPE gloves for hand protection** can reduce injury risk by up to **60%**.  

Safety gloves are designed to act as a barrier against mechanical, chemical, and thermal risks. However, not every glove is suitable for every task. The effectiveness of hand protection depends on choosing the right type:  

- **Cut-resistant gloves** for handling sharp materials.  
- **Chemical-resistant gloves** for solvents, oils, or hazardous substances.  
- **Thermal gloves** for protection against extreme heat, sparks, or cold.  
- **Impact-resistant gloves** for tasks involving vibration, shocks, or heavy tools.  

When workers wear gloves designed for their task, they are better protected and can perform their jobs with greater confidence and safety.  

## Why Hand Protection PPE is Not Always Used  

If protective gloves are so effective, why do hand injuries remain so common? The main reasons include:  

- **Lack of awareness** of risks.  
- **Incorrect glove selection**, leaving workers exposed.  
- **Non-compliance**, when gloves feel uncomfortable or limit dexterity.  
- **Cost-cutting**, with employers prioritising lower prices over proper protection.  

Addressing these issues requires more than just supplying PPE — it requires a culture of safety where hand protection is a priority, not an afterthought.  

## Best Practices for Employers and Workers  

Improving workplace safety doesn’t have to be complicated. Here are key steps to reduce preventable hand injuries:  

1. **Carry out risk assessments** to identify hand hazards in each role.  
2. **Select the right safety gloves** for each hazard — cut, chemical, heat, or impact.  
3. **Train workers** on proper PPE use and why it matters.  
4. **Promote compliance** by offering comfortable, ergonomic gloves.  
5. **Inspect and replace gloves** regularly to maintain protection.  

With these measures in place, businesses can dramatically lower the risk of workplace injuries, reduce downtime, and protect their most valuable asset — their people.  

## Conclusion  

Hand injuries are the most frequent and costly workplace accidents in Europe and the UK, but they don’t have to be. With the correct use of **hand protection PPE gloves**, up to 60% of injuries can be avoided.  

The challenge is not availability but awareness and adoption. By selecting the right safety gloves and building a strong PPE culture, employers can protect their teams, reduce costs, and improve overall workplace safety.  

Hand protection is not just about compliance — it’s about protecting workers, preventing accidents, and creating safer, more productive workplaces.  
","Le nostre mani sono i nostri strumenti più preziosi, ma anche la parte del corpo più esposta in molti ambienti di lavoro. Dai cantieri agli stabilimenti alimentari, i lavoratori fanno affidamento sulle mani per precisione, forza e controllo. Purtroppo, questo le rende particolarmente vulnerabili agli infortuni — e i dati in tutta Europa raccontano una storia preoccupante.

## L’entità degli infortuni alle mani in Europa e nel Regno Unito

I dati sugli incidenti sul lavoro mostrano costantemente che **gli infortuni a mani e braccia sono il tipo più comune di incidente sul lavoro**. In Europa rappresentano oltre il **40% di tutti gli incidenti non letali**, costituendo la categoria più numerosa di infortuni sul lavoro.  

Ogni anno si stimano:  
- **306.000 infortuni alle mani**  
- **688.000 infortuni alle dita**  
- Quasi **150.000 infortuni al polso**  

L’impatto economico è significativo. Gli infortuni a mani e polsi costano alle aziende del Regno Unito circa **1,3 miliardi di sterline all’anno**, considerando la perdita di produttività, indennizzi e spese sanitarie.

## Tipologie comuni di infortuni alle mani sul lavoro

Non tutti gli infortuni alle mani sono uguali, ma la maggior parte rientra in alcune categorie comuni:

- **Tagli e lacerazioni** da vetro, lamiera, lame o utensili affilati  
- **Punture e abrasioni** causate da fili, chiodi o superfici ruvide  
- **Ustioni e lesioni chimiche**, che possono provocare danni permanenti se la pelle viene esposta  
- **Distorsioni, fratture e schiacciamenti**, spesso legati a macchinari o carichi pesanti  

Anche piccoli tagli possono ridurre la destrezza e la produttività. Incidenti più gravi possono comportare perdita permanente di funzionalità o amputazioni — un cambiamento radicale per il lavoratore e la sua famiglia.

## Il ruolo dei guanti di protezione nella prevenzione degli infortuni alle mani

La buona notizia è che la maggior parte di questi incidenti è prevenibile. Indossare i **guanti DPI adeguati** può ridurre il rischio di infortuni fino al **60%**.

I guanti di sicurezza sono progettati per agire come barriera contro rischi meccanici, chimici e termici. Tuttavia, non tutti i guanti sono adatti a ogni compito. L’efficacia della protezione dipende dalla scelta del tipo giusto:

- **Guanti resistenti al taglio** per materiali affilati  
- **Guanti resistenti a sostanze chimiche** per solventi, oli o sostanze pericolose  
- **Guanti termici** per protezione da calore estremo, scintille o freddo  
- **Guanti antiurto** per lavori con vibrazioni, urti o utensili pesanti  

Quando i lavoratori indossano guanti progettati per il loro compito, sono meglio protetti e possono svolgere il lavoro con maggiore sicurezza e fiducia.

## Perché i DPI per le mani non vengono sempre utilizzati

Se i guanti di protezione sono così efficaci, perché gli infortuni alle mani restano così comuni? Le principali ragioni includono:

- **Mancanza di consapevolezza** dei rischi  
- **Scelta errata dei guanti**, che lascia i lavoratori esposti  
- **Non conformità**, quando i guanti risultano scomodi o limitano la destrezza  
- **Tagli ai costi**, con i datori di lavoro che privilegiano il prezzo rispetto alla protezione  

Affrontare questi problemi richiede più della semplice fornitura di DPI — serve una cultura della sicurezza in cui la protezione delle mani sia una priorità, non un ripiego.

## Buone pratiche per datori di lavoro e lavoratori

Migliorare la sicurezza sul lavoro non deve essere complicato. Ecco i passaggi chiave per ridurre gli infortuni prevenibili alle mani:

1. **Effettuare valutazioni dei rischi** per identificare i pericoli per le mani in ogni ruolo  
2. **Selezionare i guanti di sicurezza appropriati** per ogni rischio — taglio, chimico, termico o impatto  
3. **Formare i lavoratori** sull’uso corretto dei DPI e sull’importanza di indossarli  
4. **Promuovere la conformità** offrendo guanti comodi ed ergonomici  
5. **Ispezionare e sostituire i guanti** regolarmente per mantenere la protezione  

Con queste misure, le aziende possono ridurre drasticamente il rischio di infortuni, diminuire i tempi di inattività e proteggere il loro bene più prezioso — le persone.

## Conclusione

Gli infortuni alle mani sono gli incidenti sul lavoro più frequenti e costosi in Europa e nel Regno Unito, ma non devono esserlo. Con l’uso corretto dei **guanti DPI per la protezione delle mani**, fino al 60% degli infortuni può essere evitato.

La sfida non è la disponibilità, ma la consapevolezza e l’adozione. Selezionando i guanti di sicurezza giusti e promuovendo una solida cultura dei DPI, i datori di lavoro possono proteggere i loro team, ridurre i costi e migliorare la sicurezza complessiva sul lavoro.

La protezione delle mani non riguarda solo la conformità — significa proteggere i lavoratori, prevenire incidenti e creare ambienti di lavoro più sicuri e produttivi.
","""""","""""",""""""
"blog_posts","43cdc19d-c40d-449a-bc65-6fe282a78d63","the-hidden-cost-of-hand-injuries","tags_locales","[""PPE"",""injury costs"",""safety gloves"",""prevention""]","[""DPI"",""guanti di sicurezza"",""prevenzione"",""costo infortuni""]","""""","""""",""""""
"blog_posts","43cdc19d-c40d-449a-bc65-6fe282a78d63","the-hidden-cost-of-hand-injuries","category_locales","Safety & Compliance","Sicurezza & Conformità","""""","""""",""""""
"blog_posts","15e76208-488a-4dd2-9c66-66798f40ecce","reflections-aa-dsseldorf-2025","title_locales","Reflections from A+A Düsseldorf 2025: Innovation, Sustainability & Smart Value in PPE","Riflessioni da A+A Düsseldorf 2025: Innovazione, Sostenibilità e Valore Intelligente nei DPI","""""","""""",""""""
"blog_posts","15e76208-488a-4dd2-9c66-66798f40ecce","reflections-aa-dsseldorf-2025","summary_locales","After four days at A+A Düsseldorf 2025, three themes stood out in hand‐protection: sustainability, next-gen cut protection, and smart heat-glove design. Here’s how Hand Line is stepping into that future.","Dopo quattro intense giornate ad A+A Düsseldorf 2025, tre temi hanno dominato il mondo della protezione delle mani: sostenibilità, nuova generazione di guanti antitaglio e design intelligente per la protezione dal calore. Ecco come Hand Line sta entrando in questo futuro.","""""","""""",""""""
"blog_posts","15e76208-488a-4dd2-9c66-66798f40ecce","reflections-aa-dsseldorf-2025","content_locales","After a dynamic four-day run at A+A Düsseldorf, the outlook for hand-protection is clearer than ever: the industry is shifting fast — and at Hand Line we are moving with it. Whether in sustainability, new glove technology or smarter value-design for heat protection, the fair offered a strong snapshot of where personal protective equipment (PPE) is heading — and where we are placing our efforts for the coming months.

> Sustainability: From Concept to Measurable Action

While sustainability is not yet fully dominant across every stand or product range, it has unmistakably become a central pillar of industry direction. Research shows that 80% of safety managers now factor sustainability into PPE purchase decisions, even as worker-protection remains the top priority. 

Likewise, glove-industry players are increasingly publishing sustainability metrics and moving toward circular economy models and packaging redesign. 

At Hand Line we’re aligning with that shift. We have set clear ESG objectives and are building a structured sustainability management system aligned with the international standard ISO 14001 for environmental management. Our strategy spans from responsible material sourcing and lower-waste packaging, to supply-chain transparency and lifetime-performance design.
This is not just a statement of intent but a strategic and operational commitment: we are moving from “we will” to “we are doing”.

> Innovation in Cut Protection: Thinner, Smarter, Stronger

The coated/dipped anti-cut-glove market may be showing signs of commoditisation, but innovation is far from slowing. At the fair we saw clear momentum in ultra-fine gauge liners (24-gauge knits), graphene liners, and next-gen coating systems that deliver cut level F / ANSI A6-A9 protection while maintaining unprecedented comfort and dexterity.
These technologies signal a leap: high-performance cut protection that doesn’t force a trade-off between protection and usability.

For Hand Line, we’re proud to be among the drivers in this area. Over the next few weeks and months we will bring to market new glove ranges incorporating ultra-thin structures, graphene-enhanced liners and next-level coatings — either directly or with strategic partnerships. This is how we deliver both protection and wearer-performance.

> Heat Protection: Smart Design for Real-World Use

Heat-protection gloves are benefiting from ever-better fabrics and constructions, but one theme emerged loud and clear: many products are over-engineered (and over-priced) for the tasks they address. While extremely high-temperature gloves are needed in niche scenarios, many applications require smart targeted protection — not full “everything but the kitchen-sink”.

At Hand Line we are taking a value-focused approach. We are preparing to launch gloves rated up and above 500°C, built from a blend of complementary fabrics — designed to give customers the best commercial return for their investment, not just the highest spec. Our goal: deliver real-world, job-site performance without over-spending or over-spec’ing.

### Looking Ahead

A+A Düsseldorf 2025 confirmed that the PPE world is entering a new phase — one where innovation, sustainability and practicality converge. For Hand Line, this event was not just a showcase but a validation of our strategy: bridging advanced materials, responsible processes and tangible customer value.
Over the next 3–6 months you’ll see new product launches, strategic partnership announcements and further sustainability-milestones that underscore our commitment to the future of hand protection.

We look forward to sharing more — stay tuned for what’s coming next.","Dopo quattro giornate intense e dinamiche ad A+A Düsseldorf, la prospettiva per la protezione delle mani è oggi più chiara che mai: il settore sta cambiando rapidamente — e Hand Line si sta muovendo nella stessa direzione. Che si tratti di sostenibilità, di nuove tecnologie applicate ai guanti o di un design più intelligente e orientato al valore per la protezione dal calore, la fiera ha offerto una fotografia nitida di dove sta andando il mondo dei dispositivi di protezione individuale (DPI) — e su quali fronti stiamo concentrando i nostri sforzi nei prossimi mesi.

> Sostenibilità: dal concetto all’azione misurabile

Sebbene la sostenibilità non sia ancora pienamente dominante in ogni stand o gamma di prodotti, è diventata in modo inequivocabile un pilastro centrale dell’evoluzione del settore. Le ricerche mostrano che l’80% dei responsabili della sicurezza considera ormai la sostenibilità tra i criteri di acquisto dei DPI, pur mantenendo la protezione dei lavoratori come priorità assoluta.

Allo stesso tempo, i produttori di guanti stanno sempre più pubblicando indicatori di sostenibilità e adottando modelli di economia circolare e soluzioni di packaging ridisegnate.

In Hand Line stiamo pienamente allineando la nostra strategia a questa evoluzione. Abbiamo definito obiettivi ESG chiari e stiamo costruendo un sistema di gestione della sostenibilità strutturato secondo lo standard internazionale ISO 14001 per la gestione ambientale. La nostra strategia copre l’intero ciclo produttivo: dall’approvvigionamento responsabile delle materie prime e la riduzione degli sprechi di imballaggio, fino alla trasparenza della catena di fornitura e alla progettazione orientata alla durata dei prodotti.
Non si tratta solo di una dichiarazione d’intenti, ma di un impegno concreto, strategico e operativo: stiamo passando da “faremo” a “stiamo facendo”.

> Innovazione nella protezione al taglio: più sottile, più intelligente, più resistente

Il mercato dei guanti antitaglio rivestiti o immersi mostra alcuni segnali di progressiva commoditizzazione, ma l’innovazione è tutt’altro che ferma. In fiera si è percepita una forte spinta verso fili ultra-sottili a 24 gauge, liner a base di grafene e rivestimenti di nuova generazione in grado di offrire protezione di livello F / ANSI A6-A9, mantenendo al contempo un comfort e una destrezza senza precedenti.
Queste tecnologie rappresentano un vero salto evolutivo: alta protezione antitaglio che non obbliga più a scegliere tra sicurezza e maneggevolezza.

In Hand Line siamo orgogliosi di essere tra i protagonisti di questa evoluzione. Nei prossimi mesi lanceremo sul mercato nuove gamme di guanti che integrano strutture ultra-sottili, liner potenziati con grafene e rivestimenti di ultima generazione — sviluppati direttamente o in collaborazione con partner strategici. È così che coniughiamo protezione e performance per l’utilizzatore.

> Protezione dal calore: design intelligente per un uso reale

I guanti per la protezione dal calore beneficiano oggi di tessuti e costruzioni sempre più performanti, ma è emerso chiaramente un tema centrale: molti prodotti risultano eccessivamente complessi (e costosi) rispetto alle reali esigenze applicative.
Sebbene i guanti per temperature estremamente elevate siano indispensabili in alcuni contesti specifici, la maggior parte delle applicazioni richiede una protezione mirata e intelligente, non soluzioni “iper-tecniche” e sovradimensionate.

In Hand Line adottiamo un approccio focalizzato sul valore reale. Stiamo preparando il lancio di guanti certificati fino e oltre i 500 °C, costruiti con una combinazione di tessuti complementari studiata per garantire ai clienti il miglior ritorno economico sull’investimento, senza rinunciare alla sicurezza.
Il nostro obiettivo: offrire prestazioni concrete, sul campo, evitando costi o specifiche eccessive.

### Guardando al futuro

A+A Düsseldorf 2025 ha confermato che il mondo dei DPI sta entrando in una nuova fase — in cui innovazione, sostenibilità e praticità convergono.
Per Hand Line, questa edizione non è stata solo una vetrina, ma una conferma della nostra strategia: unire materiali avanzati, processi responsabili e valore tangibile per i clienti.

Nei prossimi 3–6 mesi presenteremo nuovi prodotti, partnership strategiche e traguardi concreti in ambito sostenibilità, che rafforzeranno ulteriormente il nostro impegno verso il futuro della protezione delle mani.

Siamo entusiasti di condividere ciò che sta arrivando — restate sintonizzati per le prossime novità.","""""","""""",""""""
"blog_posts","15e76208-488a-4dd2-9c66-66798f40ecce","reflections-aa-dsseldorf-2025","tags_locales","[""cut resistant gloves"",""heat resistant gloves"",""PPE"",""graphene liner gloves"",""24-gauge gloves"",""sustainable PPE"",""innovation""]","[]","""""","""""",""""""
"blog_posts","15e76208-488a-4dd2-9c66-66798f40ecce","reflections-aa-dsseldorf-2025","category_locales","Products & Innovation","Industria & Sostenibilità","""""","""""",""""""
