source_table,record_id,slug,locale_field,english,italian,french,german,spanish
case_studies,06e0b42c-a792-4367-8ee2-69195409456d,harlow-glass-safety-case-study,title_locales,Harlow Glass: Pioneering Safety in Scientific Glass Manufacturing,Harlow Glass: Pionieri della Sicurezza nella Produzione di Vetro Scientifico,Harlow Glass : Pionniers de la sécurité dans la production de verre scientifique,Harlow Glass: Pioniere der Sicherheit in der Produktion von wissenschaftlichem Glas,Harlow Glass: Pioneros de la seguridad en la producción de vidrio científico
case_studies,06e0b42c-a792-4367-8ee2-69195409456d,harlow-glass-safety-case-study,summary_locales,"How HandLine Company revolutionized worker safety at Harlow Glass, a scientific glass manufacturer in Essex, UK, with specialized heat-resistant gloves that improved both protection and compliance.","Come HandLine Company ha rivoluzionato la sicurezza dei lavoratori presso Harlow Glass, un produttore di vetro scientifico nell'Essex, Regno Unito, con guanti termoresistenti specializzati che hanno migliorato sia la protezione che la conformità.","Comment HandLine Company a révolutionné la sécurité des travailleurs chez Harlow Glass, un fabricant de verre scientifique dans l'Essex, au Royaume-Uni, grâce à des gants anti-chaleur spécialisés qui ont amélioré à la fois la protection et la conformité.","Wie HandLine Company die Arbeitssicherheit bei Harlow Glass, einem Hersteller von wissenschaftlichem Glas in Essex, Vereinigtes Königreich, mit spezialisierten Hitzeschutzhandschuhen revolutioniert hat, die sowohl den Schutz als auch die Compliance verbessert haben.","Cómo HandLine Company revolucionó la seguridad de los trabajadores en Harlow Glass, un fabricante de vidrio científico en Essex, Reino Unido, con guantes especializados resistentes al calor que mejoraron tanto la protección como el cumplimiento normativo."
case_studies,06e0b42c-a792-4367-8ee2-69195409456d,harlow-glass-safety-case-study,content_locales,"Harlow Glass, a premier manufacturer of scientific glass products in Harlow, Essex, has been at the forefront of specialized glass production for laboratories and research facilities across the UK. Their production processes involve extensive hot glass molding and handling of materials at extreme temperatures, creating significant safety challenges for their workforce.

Before partnering with HandLine Company, Harlow Glass faced recurring safety issues in their manufacturing facility. Workers were reluctant to consistently wear their previous heat-resistant gloves due to discomfort and limited dexterity, leading to occasional burns and near-miss incidents. Management was concerned about both the immediate safety risks and potential long-term regulatory compliance issues.

HandLine Company performed a comprehensive assessment of Harlow Glass's production environment, focusing on specific temperature thresholds, handling requirements, and worker movement patterns. Our technical team recommended our ThermaFlex 350 gloves, which provide protection up to 350°C while maintaining exceptional flexibility.

The implementation phase included personalized fitting sessions for all production staff and tailored training on proper glove usage and maintenance. HandLine's specialists remained on-site during the initial weeks to gather feedback and make adjustments where necessary.

The results have been transformative. Since implementing HandLine's glove solutions, Harlow Glass has reported zero heat-related hand injuries, a 95% increase in glove compliance among workers, and significant improvements in production efficiency due to reduced work stoppages. Most importantly, workers now proactively request our gloves, citing the unprecedented combination of protection and comfort.","Harlow Glass, un produttore di punta di prodotti in vetro scientifico a Harlow, Essex, è all'avanguardia nella produzione di vetro specializzato per laboratori e strutture di ricerca in tutto il Regno Unito. I loro processi di produzione comportano un'estesa modellatura del vetro caldo e la manipolazione di materiali a temperature estreme, creando significative sfide di sicurezza per la loro forza lavoro.

Prima di collaborare con HandLine Company, Harlow Glass affrontava ricorrenti problemi di sicurezza nel loro stabilimento di produzione. I lavoratori erano riluttanti a indossare costantemente i loro precedenti guanti termoresistenti a causa del disagio e della limitata destrezza, portando a occasionali ustioni e incidenti sfiorati. La direzione era preoccupata sia per i rischi immediati per la sicurezza sia per potenziali problemi di conformità normativa a lungo termine.

HandLine Company ha eseguito una valutazione completa dell'ambiente di produzione di Harlow Glass, concentrandosi su soglie di temperatura specifiche, requisiti di manipolazione e modelli di movimento dei lavoratori. Il nostro team tecnico ha raccomandato i nostri guanti ThermaFlex 350, che forniscono protezione fino a 350°C mantenendo una flessibilità eccezionale.

La fase di implementazione ha incluso sessioni di adattamento personalizzate per tutto il personale di produzione e formazione su misura sull'uso e la manutenzione adeguati dei guanti. Gli specialisti di HandLine sono rimasti in loco durante le prime settimane per raccogliere feedback e apportare aggiustamenti ove necessario.

I risultati sono stati trasformativi. Dall'implementazione delle soluzioni di guanti HandLine, Harlow Glass ha riportato zero infortuni alle mani legati al calore, un aumento del 95% nella conformità all'uso dei guanti tra i lavoratori e significativi miglioramenti nell'efficienza di produzione dovuti alla riduzione delle interruzioni del lavoro. Cosa più importante, i lavoratori ora richiedono proattivamente i nostri guanti, citando la combinazione senza precedenti di protezione e comfort.","Harlow Glass, un fabricant de premier plan de produits en verre scientifique à Harlow, dans l'Essex, est à la pointe de la production de verre spécialisé pour les laboratoires et les centres de recherche dans tout le Royaume-Uni. Leurs processus de production impliquent un façonnage intensif du verre chaud et la manipulation de matériaux à des températures extrêmes, créant d'importants défis de sécurité pour leur main-d'œuvre.

Avant de collaborer avec HandLine Company, Harlow Glass était confronté à des problèmes de sécurité récurrents dans son site de production. Les travailleurs étaient réticents à porter en permanence leurs anciens gants thermorésistants en raison de l'inconfort et de la dextérité limitée, ce qui entraînait des brûlures occasionnelles et des incidents évités de justesse. La direction était préoccupée à la fois par les risques immédiats pour la sécurité et par d'éventuels problèmes de conformité réglementaire à long terme.

HandLine Company a réalisé une évaluation complète de l'environnement de production de Harlow Glass, en se concentrant sur des seuils de température spécifiques, des exigences de manipulation et les habitudes de mouvement des travailleurs. Notre équipe technique a recommandé nos gants ThermaFlex 350, qui offrent une protection jusqu'à 350°C tout en conservant une flexibilité exceptionnelle.

La phase de mise en œuvre a inclus des séances d'essayage personnalisées pour l'ensemble du personnel de production, ainsi qu'une formation sur mesure concernant l'utilisation et l'entretien appropriés des gants. Les spécialistes de HandLine sont restés sur place pendant les premières semaines afin de recueillir des retours et d'apporter les ajustements nécessaires.

Les résultats ont été transformateurs. Depuis la mise en place des solutions de gants HandLine, Harlow Glass a enregistré zéro blessure aux mains liée à la chaleur, une augmentation de 95 % de la conformité au port des gants parmi les travailleurs, ainsi que des améliorations significatives de l'efficacité de production grâce à la réduction des interruptions de travail. Plus important encore, les travailleurs demandent désormais proactivement nos gants, citant la combinaison sans précédent de protection et de confort.","Harlow Glass, ein führender Hersteller von wissenschaftlichen Glasprodukten in Harlow, Essex, steht an der Spitze der Herstellung von Spezialglas für Labore und Forschungseinrichtungen im gesamten Vereinigten Königreich. Ihre Produktionsprozesse umfassen eine umfangreiche Formgebung von heißem Glas sowie den Umgang mit Materialien bei extremen Temperaturen, was erhebliche Sicherheitsherausforderungen für ihre Belegschaft mit sich bringt.

Vor der Zusammenarbeit mit HandLine Company hatte Harlow Glass wiederkehrende Sicherheitsprobleme in seinem Produktionswerk. Die Mitarbeiter waren nur ungern bereit, ihre bisherigen hitzebeständigen Handschuhe durchgehend zu tragen, da diese unbequem waren und die Fingerfertigkeit einschränkten, was gelegentlich zu Verbrennungen und Beinahe-Unfällen führte. Die Geschäftsleitung war sowohl über die unmittelbaren Sicherheitsrisiken als auch über mögliche langfristige Probleme bei der Einhaltung gesetzlicher Vorschriften besorgt.

HandLine Company führte eine umfassende Bewertung der Produktionsumgebung von Harlow Glass durch, wobei der Schwerpunkt auf spezifischen Temperaturschwellen, Handhabungsanforderungen und den Bewegungsmustern der Mitarbeiter lag. Unser technisches Team empfahl unsere ThermaFlex 350-Handschuhe, die Schutz bis zu 350°C bieten und dabei eine außergewöhnliche Flexibilität beibehalten.

Die Umsetzungsphase umfasste individuelle Anpassungssitzungen für das gesamte Produktionspersonal sowie maßgeschneiderte Schulungen zur richtigen Verwendung und Pflege der Handschuhe. Die Spezialisten von HandLine blieben in den ersten Wochen vor Ort, um Feedback einzuholen und bei Bedarf Anpassungen vorzunehmen.

Die Ergebnisse waren durchschlagend. Seit der Einführung der HandLine-Handschuhlösungen verzeichnete Harlow Glass null hitzebedingte Handverletzungen, einen Anstieg der Einhaltung der Handschuhpflicht unter den Mitarbeitern um 95 % sowie deutliche Verbesserungen der Produktionseffizienz durch weniger Arbeitsunterbrechungen. Am wichtigsten ist, dass die Mitarbeiter unsere Handschuhe nun proaktiv anfordern und dabei die beispiellose Kombination aus Schutz und Komfort hervorheben.","Harlow Glass, un fabricante líder de productos de vidrio científico en Harlow, Essex, se encuentra a la vanguardia de la producción de vidrio especializado para laboratorios e instalaciones de investigación en todo el Reino Unido. Sus procesos de producción implican un extenso moldeado de vidrio caliente y la manipulación de materiales a temperaturas extremas, lo que genera importantes desafíos de seguridad para su plantilla.

Antes de colaborar con HandLine Company, Harlow Glass enfrentaba problemas de seguridad recurrentes en su planta de producción. Los trabajadores se mostraban reacios a llevar de forma constante sus anteriores guantes termorresistentes debido a la incomodidad y a la destreza limitada, lo que provocaba quemaduras ocasionales e incidentes cercanos. La dirección estaba preocupada tanto por los riesgos inmediatos para la seguridad como por posibles problemas de cumplimiento normativo a largo plazo.

HandLine Company llevó a cabo una evaluación completa del entorno de producción de Harlow Glass, centrándose en umbrales de temperatura específicos, requisitos de manipulación y patrones de movimiento de los trabajadores. Nuestro equipo técnico recomendó nuestros guantes ThermaFlex 350, que ofrecen protección hasta 350°C manteniendo una flexibilidad excepcional.

La fase de implementación incluyó sesiones de ajuste personalizadas para todo el personal de producción y formación específica sobre el uso y mantenimiento adecuados de los guantes. Los especialistas de HandLine permanecieron in situ durante las primeras semanas para recopilar comentarios y realizar los ajustes necesarios.

Los resultados fueron transformadores. Desde la implementación de las soluciones de guantes de HandLine, Harlow Glass no ha registrado ninguna lesión en las manos relacionada con el calor, ha logrado un aumento del 95 % en el cumplimiento del uso de guantes entre los trabajadores y ha experimentado mejoras significativas en la eficiencia de producción gracias a la reducción de las interrupciones del trabajo. Lo más importante es que los trabajadores ahora solicitan proactivamente nuestros guantes, citando la combinación sin precedentes de protección y comodidad."
case_studies,06e0b42c-a792-4367-8ee2-69195409456d,harlow-glass-safety-case-study,tags_locales,"[""heat-resistant gloves"",""scientific glass manufacturing"",""worker safety"",""compliance improvement""]","[""guanti termoresistenti"",""produzione di vetro scientifico"",""sicurezza dei lavoratori"",""miglioramento della conformità""]","[""gants anti-chaleur"", ""production de verre scientifique"", ""sécurité des travailleurs"", ""amélioration de la conformité""]","[""Hitzeschutzhandschuhe"", ""Produktion von wissenschaftlichem Glas"", ""Arbeitssicherheit"", ""Verbesserung der Compliance""]","[""guantes resistentes al calor"", ""producción de vidrio científico"", ""seguridad de los trabajadores"", ""mejora del cumplimiento""]"
case_studies,06e0b42c-a792-4367-8ee2-69195409456d,harlow-glass-safety-case-study,client_name_locales,Harlow Glass Ltd.,Harlow Glass Ltd.,Harlow Glass Ltd.,Harlow Glass Ltd.,Harlow Glass Ltd.
case_studies,06e0b42c-a792-4367-8ee2-69195409456d,harlow-glass-safety-case-study,industry_locales,Scientific Glass Manufacturing,Produzione di Vetro Scientifico,Production de verre scientifique,Produktion von wissenschaftlichem Glas,Producción de vidrio científico
case_studies,06e0b42c-a792-4367-8ee2-69195409456d,harlow-glass-safety-case-study,challenge_locales,"Harlow Glass needed a solution to protect workers handling glass at extreme temperatures. Previous gloves were either too bulky, limiting dexterity, or insufficiently protective. Workers would often remove gloves for precision tasks, creating serious safety risks. Management needed a solution that workers would actually use consistently.","Harlow Glass aveva bisogno di una soluzione per proteggere i lavoratori che manipolano il vetro a temperature estreme. I guanti precedenti erano troppo ingombranti, limitando la destrezza, o insufficientemente protettivi. I lavoratori spesso rimuovevano i guanti per compiti di precisione, creando gravi rischi per la sicurezza. La direzione aveva bisogno di una soluzione che i lavoratori utilizzassero effettivamente in modo costante.","Harlow Glass avait besoin d'une solution pour protéger les travailleurs manipulant du verre à des températures extrêmes. Les gants précédents étaient soit trop encombrants, limitant la dextérité, soit insuffisamment protecteurs. Les travailleurs retiraient souvent leurs gants pour les tâches de précision, créant de graves risques pour la sécurité. La direction avait besoin d'une solution que les travailleurs utiliseraient réellement de manière constante.","Harlow Glass benötigte eine Lösung, um Arbeiter zu schützen, die Glas bei extremen Temperaturen handhaben. Die bisherigen Handschuhe waren entweder zu sperrig und schränkten die Fingerfertigkeit ein, oder sie boten keinen ausreichenden Schutz. Die Arbeiter zogen die Handschuhe bei Präzisionsaufgaben häufig aus, was erhebliche Sicherheitsrisiken schuf. Die Geschäftsleitung benötigte eine Lösung, die die Arbeiter tatsächlich konsequent verwenden würden.","Harlow Glass necesitaba una solución para proteger a los trabajadores que manipulan vidrio a temperaturas extremas. Los guantes anteriores eran demasiado voluminosos, limitando la destreza, o insuficientemente protectores. Los trabajadores a menudo se quitaban los guantes para tareas de precisión, generando graves riesgos de seguridad. La dirección necesitaba una solución que los trabajadores utilizaran realmente de manera constante."
case_studies,06e0b42c-a792-4367-8ee2-69195409456d,harlow-glass-safety-case-study,solution_locales,HandLine provided ThermaFlex 350 gloves with superior heat resistance up to 350°C while maintaining exceptional flexibility and tactile sensitivity. The specialized multi-layer construction allows for precise handling of tools and materials while providing maximum protection. Custom fitting sessions ensured perfect fit for all staff members.,HandLine ha fornito guanti ThermaFlex 350 con una superiore resistenza al calore fino a 350°C mantenendo un'eccezionale flessibilità e sensibilità tattile. La costruzione specializzata multistrato consente una manipolazione precisa di strumenti e materiali garantendo al contempo la massima protezione. Sessioni di adattamento personalizzate hanno garantito una vestibilità perfetta per tutti i membri del personale.,HandLine a fourni des gants ThermaFlex 350 offrant une résistance à la chaleur supérieure allant jusqu'à 350°C tout en conservant une flexibilité et une sensibilité tactile exceptionnelles. La construction spécialisée multicouche permet une manipulation précise des outils et des matériaux tout en garantissant une protection maximale. Des sessions d'ajustement personnalisées ont garanti un ajustement parfait pour tous les membres du personnel.,HandLine lieferte ThermaFlex 350-Handschuhe mit überlegener Hitzebeständigkeit bis zu 350 °C bei gleichzeitig außergewöhnlicher Flexibilität und taktiler Empfindlichkeit. Die spezialisierte mehrschichtige Konstruktion ermöglicht eine präzise Handhabung von Werkzeugen und Materialien und gewährleistet gleichzeitig maximalen Schutz. Individuelle Anpassungssitzungen sorgten für eine perfekte Passform für alle Mitarbeiter.,"HandLine proporcionó guantes ThermaFlex 350 con una resistencia al calor superior de hasta 350 °C, manteniendo una flexibilidad y sensibilidad táctil excepcionales. La construcción especializada multicapa permite una manipulación precisa de herramientas y materiales garantizando al mismo tiempo la máxima protección. Las sesiones de ajuste personalizadas garantizaron un calce perfecto para todos los miembros del personal."
case_studies,06e0b42c-a792-4367-8ee2-69195409456d,harlow-glass-safety-case-study,results_locales,"Since implementing HandLine's gloves throughout their production facility, Harlow Glass has documented zero heat-related hand injuries over 18 months, a 95% increase in glove compliance, and a 30% reduction in production time on certain precision tasks due to improved dexterity compared to previous protective gear.","Dall'implementazione dei guanti HandLine in tutto il loro stabilimento di produzione, Harlow Glass ha documentato zero infortuni alle mani legati al calore in 18 mesi, un aumento del 95% nella conformità all'uso dei guanti e una riduzione del 30% nei tempi di produzione su determinate attività di precisione grazie alla migliorata destrezza rispetto ai precedenti dispositivi di protezione.","Depuis la mise en place des gants HandLine dans l'ensemble de leur site de production, Harlow Glass a enregistré zéro blessure à la main liée à la chaleur en 18 mois, une augmentation de 95 % de la conformité à l'utilisation des gants et une réduction de 30 % des temps de production sur certaines tâches de précision grâce à la dextérité améliorée par rapport aux dispositifs de protection précédents.","Seit der Einführung der HandLine-Handschuhe im gesamten Produktionswerk hat Harlow Glass in 18 Monaten null hitzebedingte Handverletzungen dokumentiert, eine Steigerung der Compliance bei der Handschuhnutzung um 95 % sowie eine Reduzierung der Produktionszeit bei bestimmten Präzisionsaufgaben um 30 % dank der im Vergleich zu den früheren Schutzausrüstungen verbesserten Fingerfertigkeit.","Desde la implementación de los guantes HandLine en toda su planta de producción, Harlow Glass ha documentado cero lesiones en las manos relacionadas con el calor en 18 meses, un aumento del 95 % en el cumplimiento del uso de guantes y una reducción del 30 % en los tiempos de producción en determinadas tareas de precisión gracias a la mejor destreza en comparación con los dispositivos de protección anteriores."
case_studies,06e0b42c-a792-4367-8ee2-69195409456d,harlow-glass-safety-case-study,testimonial_locales,"HandLine's gloves have completely transformed our production floor safety culture. They provide exceptional protection without compromising dexterity, which is crucial in our precision work. For the first time, our technicians actually prefer working with gloves on rather than taking risks without them. The impact on both our safety metrics and production quality has been remarkable.","I guanti HandLine hanno completamente trasformato la nostra cultura della sicurezza sul piano di produzione. Forniscono una protezione eccezionale senza compromettere la destrezza, che è cruciale nel nostro lavoro di precisione. Per la prima volta, i nostri tecnici preferiscono effettivamente lavorare con i guanti piuttosto che correre rischi senza di essi. L'impatto sia sulle nostre metriche di sicurezza che sulla qualità della produzione è stato notevole.","Les gants HandLine ont complètement transformé notre culture de la sécurité sur le site de production. Ils offrent une protection exceptionnelle sans compromettre la dextérité, essentielle dans notre travail de précision. Pour la première fois, nos techniciens préfèrent réellement travailler avec les gants plutôt que de prendre des risques sans eux. L'impact a été remarquable, tant sur nos indicateurs de sécurité que sur la qualité de la production.","Die HandLine-Handschuhe haben unsere Sicherheitskultur auf dem Produktionsboden vollständig verändert. Sie bieten außergewöhnlichen Schutz, ohne die Fingerfertigkeit zu beeinträchtigen, die für unsere Präzisionsarbeit entscheidend ist. Zum ersten Mal ziehen es unsere Techniker tatsächlich vor, mit Handschuhen zu arbeiten, anstatt ohne sie Risiken einzugehen. Die Auswirkungen auf unsere Sicherheitskennzahlen und auf die Produktionsqualität waren beachtlich.","Los guantes HandLine han transformado por completo nuestra cultura de seguridad en la planta de producción. Proporcionan una protección excepcional sin comprometer la destreza, algo crucial en nuestro trabajo de precisión. Por primera vez, nuestros técnicos realmente prefieren trabajar con los guantes en lugar de correr riesgos sin ellos. El impacto tanto en nuestras métricas de seguridad como en la calidad de la producción ha sido notable."
case_studies,06e0b42c-a792-4367-8ee2-69195409456d,harlow-glass-safety-case-study,testimonial_author_locales,David Thompson,David Thompson,David Thompson,David Thompson,David Thompson
case_studies,06e0b42c-a792-4367-8ee2-69195409456d,harlow-glass-safety-case-study,testimonial_position_locales,"Production Safety Manager, Harlow Glass Ltd.","Responsabile della Sicurezza della Produzione, Harlow Glass Ltd.","Responsable de la sécurité de la production, Harlow Glass Ltd.","Leiter für Produktionssicherheit, Harlow Glass Ltd.","Responsable de Seguridad de la Producción, Harlow Glass Ltd."
case_studies,06e0b42c-a792-4367-8ee2-69195409456d,harlow-glass-safety-case-study,metrics_locales,"{""roi_timeframe"":""3 months"",""injury_reduction"":""100%"",""compliance_increase"":""95%"",""productivity_improvement"":""23%""}","{""periodo_roi"":""3 mesi"",""aumento_conformità"":""95%"",""riduzione_infortuni"":""100%"",""miglioramento_produttività"":""23%""}","{""roi_timeframe"":""3 mois"",""injury_reduction"":""100%"",""compliance_increase"":""95%"",""productivity_improvement"":""23%""}","{""roi_timeframe"":""3 Monate"",""injury_reduction"":""100%"",""compliance_increase"":""95%"",""productivity_improvement"":""23%""}","{""roi_timeframe"":""3 meses"",""injury_reduction"":""100%"",""compliance_increase"":""95%"",""productivity_improvement"":""23%""}"
case_studies,06e0b42c-a792-4367-8ee2-69195409456d,harlow-glass-safety-case-study,showcase_title_locales,Zero Heat Injuries in Scientific Glass Production,Zero Infortuni da Calore nella Produzione di Vetro Scientifico,Zéro blessure liée à la chaleur dans la production de verre scientifique,Null hitzebedingte Verletzungen in der Produktion von wissenschaftlichem Glas,Cero lesiones por calor en la producción de vidrio científico
case_studies,06e0b42c-a792-4367-8ee2-69195409456d,harlow-glass-safety-case-study,showcase_description_locales,Harlow Glass achieved 95% compliance increase and eliminated heat-related hand injuries with HandLine's ThermaFlex 350 gloves in their precision glass manufacturing operations.,Harlow Glass ha raggiunto un aumento della conformità del 95% ed eliminato gli infortuni alle mani legati al calore con i guanti ThermaFlex 350 di HandLine nelle loro operazioni di produzione di vetro di precisione.,Harlow Glass a atteint une augmentation de 95 % de la conformité et a éliminé les blessures aux mains liées à la chaleur grâce aux gants ThermaFlex 350 de HandLine dans ses opérations de production de verre de précision.,Harlow Glass erzielte eine Steigerung der Compliance um 95 % und eliminierte hitzebedingte Handverletzungen dank der ThermaFlex 350-Handschuhe von HandLine in ihren Präzisionsglas-Produktionsprozessen.,Harlow Glass logró un aumento del 95 % en el cumplimiento y eliminó las lesiones en las manos relacionadas con el calor gracias a los guantes ThermaFlex 350 de HandLine en sus operaciones de producción de vidrio de precisión.